category,album,title,has_children,parent,image,date,media,width,height,price,tags,notes,album_escaped,basename
ceramics,2005,Blue Dish Small,,,blue_dish_small.jpg,,,,,,,,2005,blue_dish_small
ceramics,2005,Blue Purple Bowl Large,,,blue_purple_bowl_large.jpg,,,,,,,,2005,blue_purple_bowl_large
ceramics,2005,Crescent Olive,,,Crescent olive.jpg,,,,,,,,2005,crescent_olive
ceramics,2005,Gray Blue Bowl,,,gray_blue_bowl.jpg,,,,,,,,2005,gray_blue_bowl
ceramics,2005,Kiwi Plates-medium,,,kiwi_plates-medium.jpg,,,,,,,,2005,kiwi_plates-medium
ceramics,2005,Leaf Bowls,,,leaf_bowls.jpg,,,,,,,,2005,leaf_bowls
ceramics,2005,Leaf Cutout Platter,,,Leaf cutout platter.jpg,,,,,,,,2005,leaf_cutout_platter
ceramics,2005,Long Plain Straight Olive,,,long plain straight olive.jpg,,,,,,,,2005,long_plain_straight_olive
ceramics,2005,Long Sectioned Olive,,,long sectioned olive.jpg,,,,,,,,2005,long_sectioned_olive
ceramics,2005,Metalic Flame Dish-bottom,,,metalic_flame_dish-bottom.jpg,,,,,,,,2005,metalic_flame_dish-bottom
ceramics,2005,Metalic Flame Dish-side,,,metalic_flame_dish-side.jpg,,,,,,,,2005,metalic_flame_dish-side
ceramics,2005,Metalic White Bowl,,,metalic_white_bowl.jpg,,,,,,,,2005,metalic_white_bowl
ceramics,2005,Moss Dish-bottom,,,moss_dish-bottom.jpg,,,,,,,,2005,moss_dish-bottom
ceramics,2005,Moss Green Dish-bottom,,,moss_green_dish-bottom.jpg,,,,,,,,2005,moss_green_dish-bottom
ceramics,2005,Moss Green Dish-small,,,moss_green_dish-small.jpg,,,,,,,,2005,moss_green_dish-small
ceramics,2005,Mottled Bowl,,,mottled_bowl.jpg,,,,,,,,2005,mottled_bowl
ceramics,2005,Olive With Handle,,,olive with handle.jpg,,,,,,,,2005,olive_with_handle
ceramics,2005,Oval Dish,,,oval_dish.jpg,,,,,,,,2005,oval_dish
ceramics,2005,Plain Triangle Platter,,,Plain triangle platter.jpg,,,,,,,,2005,plain_triangle_platter
ceramics,2005,Red Black Dish,,,red_black_dish.jpg,,,,,,,,2005,red_black_dish
ceramics,2005,Red Blue Square Tray,,,red_blue_square_tray.jpg,,,,,,,,2005,red_blue_square_tray
ceramics,2005,Red Blue Square Tray-top,,,red_blue_square_tray-top.jpg,,,,,,,,2005,red_blue_square_tray-top
ceramics,2005,Red Purple Bowl-side,,,red_purple_bowl-side.jpg,,,,,,,,2005,red_purple_bowl-side
ceramics,2005,Sectioned Bowl,,,Sectioned Bowl.jpg,,,,,,,,2005,sectioned_bowl
ceramics,2005,Sectioned Bowl 2,,,Sectioned Bowl 2.jpg,,,,,,,,2005,sectioned_bowl_2
ceramics,2005,Small Cracked Platter,,,Small cracked platter.jpg,,,,,,,,2005,small_cracked_platter
ceramics,2005,Small Red Olive 2,,,small red olive 2.jpg,,,,,,,,2005,small_red_olive_2
ceramics,2005,Spiral 1,,,Spiral_1.jpg,,,,,,,,2005,spiral_1
ceramics,2005,Table Blue Triad Bowl 1,,,Table Blue triad bowl_1.jpg,,,,,,,,2005,table_blue_triad_bowl_1
ceramics,2005,Table Handle Basket 1,,,Table Handle basket_1.jpg,,,,,,,,2005,table_handle_basket_1
ceramics,2005,Table Many Leaves 1,,,Table Many Leaves_1.jpg,,,,,,,,2005,table_many_leaves_1
ceramics,2005,Table Red and Black Square 1,,,Table Red and black square_1.jpg,,,,,,,,2005,table_red_and_black_square_1
ceramics,2005,Table Red Waves Bowl 1,,,Table Red waves bowl_1.jpg,,,,,,,,2005,table_red_waves_bowl_1
ceramics,2005,Table Small Round Moss Gn 1,,,Table Small Round Moss Gn_1.jpg,,,,,,,,2005,table_small_round_moss_gn_1
ceramics,2005,Table Small Round Snowflake 1,,,Table Small Round Snowflake_1.jpg,,,,,,,,2005,table_small_round_snowflake_1
ceramics,2005,Table Small Round Sp Brown 1,,,Table Small Round Sp Brown_1.jpg,,,,,,,,2005,table_small_round_sp_brown_1
ceramics,2005,Table Waves,,,Table Waves.jpg,,,,,,,,2005,table_waves
ceramics,2005,Textured Triangle Platter,,,Textured triangle platter.jpg,,,,,,,,2005,textured_triangle_platter
Ceramics,2007,Kiwi & Emerald Large Bowl,,,kiwi_emerald_large_bowl.jpg,2007,Terra Cotta Clay,,,,,Need image,2007,kiwi_emerald_large_bowl
ceramics,2007,Bad Hairday Dish,,,bad_hairday_dish.jpg,,,,,,,,2007,bad_hairday_dish
ceramics,2007,Kiwi and Emerald Plates-medium,,,kiwi_and_emerald_plates-medium.jpg,,,,,,,,2007,kiwi_and_emerald_plates-medium
ceramics,2007,Kiwi and Emerald Plates-small,,,kiwi_and_emerald_plates-small.jpg,,,,,,,,2007,kiwi_and_emerald_plates-small
ceramics,2007,Kiwi and Emerald Plates-terra Cotta Clay,,,kiwi_and_emerald_plates-terra_cotta_clay.jpg,,,,,,,,2007,kiwi_and_emerald_plates-terra_cotta_clay
ceramics,2007,Olive Dishes-pippen Green and Blue-side,,,olive_dishes-pippen_green_and_blue-side.jpg,,,,,,,,2007,olive_dishes-pippen_green_and_blue-side
ceramics,2007,Olive Dishes-pippen Green and Blue-top,,,olive_dishes-pippen_green_and_blue-top.jpg,,,,,,,,2007,olive_dishes-pippen_green_and_blue-top
ceramics,2007,Red and Black Large Bowl,,,red_and_black_large_bowl.jpg,,,,,,,,2007,red_and_black_large_bowl
ceramics,2007,Red and Black Oval Platter,,,red_and_black_oval_platter.jpg,,,,,,,,2007,red_and_black_oval_platter
ceramics,2007,Satin Black Olive Dish,,,satin_black_olive_dish.jpg,,,,,,,,2007,satin_black_olive_dish
ceramics,2007,Satin Black Platter,,,satin_black_platter.jpg,,,,,,,,2007,satin_black_platter
ceramics,2007,Small Cat Dish,,,small_cat_dish.jpg,,,,,,,,2007,small_cat_dish
ceramics,2007,Small Chun Red Appetizer Plate,,,small_chun_red_appetizer_plate.jpg,,,,,,,,2007,small_chun_red_appetizer_plate
ceramics,Firing the Kiln,First Layer After,,,first_layer_after.jpg,,,,,,,,firing_the_kiln,first_layer_after
ceramics,Firing the Kiln,First Layer Before,,,first_layer_before.jpg,,,,,,,,firing_the_kiln,first_layer_before
ceramics,Firing the Kiln,Fourth Layer After,,,fourth_layer_after.jpg,,,,,,,,firing_the_kiln,fourth_layer_after
ceramics,Firing the Kiln,Fourth Layer Before,,,fourth_layer_before.jpg,,,,,,,,firing_the_kiln,fourth_layer_before
ceramics,Firing the Kiln,Second Layer After.jpg,,,second_layer_after.jpg.jpg,,,,,,,,firing_the_kiln,second_layer_after.jpg
ceramics,Firing the Kiln,Second Layer Before,,,second_layer_before.jpg,,,,,,,,firing_the_kiln,second_layer_before
ceramics,Firing the Kiln,Third Layer After,,,third_layer_after.jpg,,,,,,,,firing_the_kiln,third_layer_after
ceramics,Firing the Kiln,Third Layer Before,,,third_layer_before.jpg,,,,,,,,firing_the_kiln,third_layer_before
drawings,Figure Drawing,Fuzz Bucket,,,fuzz_bucket.jpg,2021,Pencil on Paper,5,7,NFS,,,figure_drawing,fuzz_bucket
drawings,Figure Drawing,Mother and Daughter,,,mother_and_daughter.jpg,,,,,,,,figure_drawing,mother_and_daughter
drawings,Figure Drawing,Brian (been In the Battle),,,Brian_(Been_in_the_Battle).jpg,,,,,,,,figure_drawing,brian_(been_in_the_battle)
drawings,Figure Drawing,Emiliy,,,Emiliy.jpg,,,,,,,,figure_drawing,emiliy
drawings,Figure Drawing,Emily 2,,,Emily_2.jpg,,,,,,,,figure_drawing,emily_2
drawings,Figure Drawing,Judith,,,Judith.jpg,,,,,,,,figure_drawing,judith
drawings,Figure Drawing,Simone,,,Simone.jpg,,,,,,,,figure_drawing,simone
drawings,Figure Drawing,Torrey,,,Torrey.jpg,,,,,,,,figure_drawing,torrey
drawings,Figure Drawing,Veronique,,,Veronique.jpg,,,,,,,,figure_drawing,veronique
drawings,Nature,Stories To Tell,TRUE,,stories_to_tell.tif,,,,,,,,nature,stories_to_tell
drawings,Nature,Stories To Tell 1,,stories_to_tell,IMG_6143.jpg,,,,,,,,nature,img_6143
drawings,Nature,Stories To Tell 2,,stories_to_tell,IMG_6163.jpg,,,,,,,,nature,img_6163
drawings,Nature,Stories To Tell 3,,stories_to_tell,IMG_6171.jpg,,,,,,,,nature,img_6171
drawings,Nature,Stories To Tell 4,,stories_to_tell,IMG_6172.jpg,,,,,,,,nature,img_6172
drawings,Nature,The Watcher in the Woods,,,the_watcher_in_the_woods.jpg,2019,Graphite on Bristol Paper,11,14,,,,nature,the_watcher_in_the_woods
drawings,Nature,Three Cranes,,,three_cranes.jpg,2020,Graphite on Bristol Paper,7,3,,,,nature,three_cranes
drawings,Nature,Carmel Tree,,,carmel_tree.jpg,,,,,,Wide,,nature,carmel_tree
drawings,Nature,Grapeleaves-pen,,,grapeleaves-pen.jpg,,,,,,,,nature,grapeleaves-pen
drawings,Nature,Grapes-pen,,,grapes-pen.jpg,,,,,,,,nature,grapes-pen
drawings,Nature,Up a Tree,,,up_a_tree.jpg,,,,,,,,nature,up_a_tree
drawings,Home,Alexanders's House,,,alexanders_house.jpg,1992,,,,,,,home,alexanders_house
drawings,Home,Charter Oak House,,,charter_oak_house.jpg,1999,,,,,,,home,charter_oak_house
drawings,Home,Ross House,,,ross_house.jpg,,,,,,,,home,ross_house
drawings,Home,Carothers Road House,,,carothers_road_house.jpg,1999,,,,,,,home,caraothers_road_house
drawings,Home,Window Seat,,,window_seat.jpg,,,,,,,,home,window_seat
drawings,Wineries & Restaurants,Travigne,,,travigne.jpg,,,,,,,,wineries,travigne
drawings,Wineries & Restaurants,Sequoia Grove,,,sequoia_grove.jpg,,,,,,,,wineries,sequoia_grove
drawings,Wineries & Restaurants,V Sattui,,,v_sattui.jpg,,,,,,,,wineries,v_sattui
drawings,Wineries & Restaurants,Sutter Home,,,sutter_home.jpg,,,,,,,,wineries,sutter_home
drawings,Wineries & Restaurants,Charles Krug,,,charles_krug.jpg,,,,,,,,wineries,charles_krug
drawings,Wineries & Restaurants,Sante Fe Bar & Grill,,,santa_fe_bar_and_grill.jpg,,,,,,,,wineries,santa_fe_bar_and_grill
Oil,Circles,Morgan at 21,TRUE,,morgan_at_21.png,2021,Oil on Round Maple Panel,6,6,NFS,"Oil, Portraits",Photo,circles,morgan_at_21
Oil,Circles,Faerie Woods,,,faerie_woods.jpg,2021,Oil on Round Maple Panel,6,6,350,"Oil, Landscape",Photo,circles,faerie_woods
Oil,Circles,Golden Rose,,,golden_rose.jpg,2021,Oil on Round Maple Panel,6,6,350,"Oil, Landscape",Photo,circles,golden_rose
Oil,Circles,Reaching for the Buckyball,,,reaching_for_the_buckyball.jpg,2021,Oil on Round Maple Panel,8,8,450,"Oil, Nature",Photo,circles,reaching_for_the_buckyball
Oil,Circles,Fern Canyon Path Steps,TRUE,,fern_canyon_path_steps.png,2021,Oil on Round Maple Panel,6,6,350,"Oil, Landscape",Photo,circles,fern_canyon_path_steps
Oil,Circles,Fran's Iris,TRUE,,frans_iris.png,2021,Oil on Round Maple Panel,6,6,"Sold, giclees available","Oil, Still Life",Photo,circles,frans_iris
Oil,Circles,Beatriz,TRUE,,beatriz.png,2021,Oil on Round Maple Panel,6,6,NFS,"Oil, Portraits",Photo,circles,beatriz
Oil,Circles,Daffodils,TRUE,,daffodils.png,2021,Oil on Round Maple Panel,6,6,"Sold, giclees available","Oil, Still Life",Photo,circles,daffodils
Oil,Circles,Gualala,TRUE,,gualala_6in.png,2021,Oil on Round Maple Panel,6,6,"Sold, giclees available","Oil, Landscape",Photo,circles,gualala_6in
Oil,Circles,Reflecting Pool Garden at Lewis and Clark,TRUE,,reflecting_pool_garden_at_lewis_and_clark.png,2021,Oil on Round Maple Panel,6,6,"Sold, giclees available","Oil, Landscape",Photo,circles,reflecting_pool_garden_at_lewis_and_clark
Oil,Circles,beatriz-1.jpeg,,beatriz.jpeg,,,,,,,,,,beatriz-1
Oil,Circles,beatriz-2.jpeg,,beatriz.jpeg,,,,,,,,,,beatriz-2
Oil,Circles,beatriz-3.jpeg,,beatriz.jpeg,,,,,,,,,,beatriz-3
Oil,Circles,daffodils-1.jpeg,,daffodils.jpeg,,,,,,,,,,daffodils-1
Oil,Circles,daffodils-2.jpeg,,daffodils.jpeg,,,,,,,,,,daffodils-2
Oil,Circles,fern_canyon_path_steps-1.jpeg,,fern_canyon_path_steps.jpeg,,,,,,,,,,fern_canyon_path_steps-1
Oil,Circles,fern_canyon_path_steps-2.jpeg,,fern_canyon_path_steps.jpeg,,,,,,,,,,fern_canyon_path_steps-2
Oil,Circles,frans_iris-1.jpeg,,frans_iris.jpeg,,,,,,,,,,frans_iris-1
Oil,Circles,frans_iris-2.jpeg,,frans_iris.jpeg,,,,,,,,,,frans_iris-2
Oil,Circles,gualala_6in-1.jpeg,,gualala_6in.jpeg,,,,,,,,,,gualala_6in-1
Oil,Circles,gualala_6in-2.jpeg,,gualala_6in.jpeg,,,,,,,,,,gualala_6in-2
Oil,Circles,morgan_at_21-1.jpeg,,morgan_at_21.jpeg,,,,,,,,,,morgan_at_21-1
Oil,Circles,morgan_at_21-2.jpeg,,morgan_at_21.jpeg,,,,,,,,,,morgan_at_21-2
Oil,Circles,morgan_at_21-3.jpeg,,morgan_at_21.jpeg,,,,,,,,,,morgan_at_21-3
Oil,Circles,reflecting_pool_garden_at_lewis_and_clark-1.jpeg,,reflecting_pool_garden_at_lewis_and_clark.jpeg,,,,,,,,,,reflecting_pool_garden_at_lewis_and_clark-1
Oil,Circles,reflecting_pool_garden_at_lewis_and_clark-2.jpeg,,reflecting_pool_garden_at_lewis_and_clark.jpeg,,,,,,,,,,reflecting_pool_garden_at_lewis_and_clark-2
Oil,Circles,reflecting_pool_garden_at_lewis_and_clark-3.jpeg,,reflecting_pool_garden_at_lewis_and_clark.jpeg,,,,,,,,,,reflecting_pool_garden_at_lewis_and_clark-3
Oil,Circles,reflecting_pool_garden_at_lewis_and_clark-4.jpeg,,reflecting_pool_garden_at_lewis_and_clark.jpeg,,,,,,,,,,reflecting_pool_garden_at_lewis_and_clark-4
Oil,Figures,Dryad Exposed,TRUE,,dryad_exposed.jpg,2021,Oil on Oak,30,164,1800,"Oil, Figure Drawing, Wide",Photo,figures,dryad_exposed
Oil,Figures,Boundary Oaks Flyer,,dryad_exposed,lesher_center_bedford_gallery.jpg,2021,Oil on Oak,,,,"Oil, Figure Drawing",Photo,figures,lesher_center_bedford_gallery
Oil,Figures,Choosing,,dryad_exposed,dryad_exposed_1608.jpg,2021,Oil on Oak,,,,"Oil, Figure Drawing",Photo,figures,dryad_exposed_1608
Oil,Figures,Dryad Exposed,,dryad_exposed,dryad_exposed_4882.jpg,2021,Oil on Oak,,,,"Oil, Figure Drawing",Photo,figures,dryad_exposed_4882
Oil,Figures,Dryad Exposed,,dryad_exposed,dryad_exposed_4884.jpg,2021,Oil on Oak,,,,"Oil, Figure Drawing",Photo,figures,dryad_exposed_4884
Oil,Figures,Dryad Exposed,,dryad_exposed,dryad_exposed_4888.jpg,2021,Oil on Oak,,,,"Oil, Figure Drawing",Photo,figures,dryad_exposed_4888
Oil,Figures,Sanding,,dryad_exposed,dryad_exposed_4890.jpg,2021,Oil on Oak,,,,"Oil, Figure Drawing",Photo,figures,dryad_exposed_4890
Oil,Figures,More Sanding,,dryad_exposed,dryad_exposed_4892.jpg,2021,Oil on Oak,,,,"Oil, Figure Drawing",Photo,figures,dryad_exposed_4892
Oil,Figures,Dryad Exposed,,dryad_exposed,dryad_exposed_5070.jpg,2021,Oil on Oak,,,,"Oil, Figure Drawing",Photo,figures,dryad_exposed_5070
Oil,Figures,Dryad Exposed,,dryad_exposed,dryad_exposed_5075.jpg,2021,Oil on Oak,,,,"Oil, Figure Drawing",Photo,figures,dryad_exposed_5075
Oil,Figures,Support Branch Detail,,dryad_exposed,dryad_exposed_5076.jpg,2021,Oil on Oak,,,,"Oil, Figure Drawing",Photo,figures,dryad_exposed_5076
Oil,Figures,Ready for Painting,,dryad_exposed,dryad_exposed_5081.jpg,2021,Oil on Oak,,,,"Oil, Figure Drawing",Photo,figures,dryad_exposed_5081
Oil,Figures,Sepia Gesso,,dryad_exposed,dryad_exposed_5087.jpg,2021,Oil on Oak,,,,"Oil, Figure Drawing",Photo,figures,dryad_exposed_5087
Oil,Figures,Underpainting,,dryad_exposed,dryad_exposed_5090.jpg,2021,Oil on Oak,,,,"Oil, Figure Drawing",Photo,figures,dryad_exposed_5090
Oil,Figures,Dryad Exposed,,dryad_exposed,dryad_exposed_5625.jpg,2021,Oil on Oak,,,,"Oil, Figure Drawing",Photo,figures,dryad_exposed_5625
Oil,Figures,Dryad Exposed,,dryad_exposed,dryad_exposed_5630.jpg,2021,Oil on Oak,,,,"Oil, Figure Drawing",Photo,figures,dryad_exposed_5630
Oil,Figures,Dryad Exposed,,dryad_exposed,dryad_exposed_5641.jpg,2021,Oil on Oak,,,,"Oil, Figure Drawing",Photo,figures,dryad_exposed_5641
Oil,Figures,Dryad Exposed,,dryad_exposed,dryad_exposed_5961.jpg,2021,Oil on Oak,,,,"Oil, Figure Drawing",Photo,figures,dryad_exposed_5961
Oil,Figures,Dryad Exposed,,dryad_exposed,dryad_exposed_6012.jpg,2021,Oil on Oak,,,,"Oil, Figure Drawing",Photo,figures,dryad_exposed_6012
Oil,Figures,Finished,,dryad_exposed,dryad_exposed_finished.jpg,2021,Oil on Oak,,,,"Oil, Figure Drawing, Wide",Photo,figures,dryad_exposed_finished
oil,Figures,Naiad,,,naiad.jpg,2020,Oil on Masonite,24,6,695,"Oil, Figure Drawing",,figures,naiad
oil,Figures,Dryad,,,dryad.jpg,2020,Oil on Masonite,24,6,695,"Oil, Figure Drawing",,figures,dryad
oil,Landscapes,Path through the Cypress Hole,,,path_through_the_cypress_hole.jpg,2020,Oil on Masonite,20,16,1100,"Oil, Landscape",Photo,landscapes,path_through_the_cypress_hole
oil,Landscapes,The Tea Garden Path,,,the_tea_garden_path.jpg,2019,Oil on Masonite,10,10,450,"Oil, Landscape",Photo,landscapes,the_tea_garden_path
oil,Landscapes,Grizzly Peak 5:06 PM,,,grizzly_peak_5_06_pm.jpg,2020,Oil on Masonite,24,6,695,"Oil, Landscape",,landscapes,grizzly_peak_5_06_pm
oil,Landscapes,Grizzly Peak 5:17 PM,,,grizzly_peak_5_17_pm.jpg,2020,Oil on Masonite,24,6,695,"Oil, Landscape",,landscapes,grizzly_peak_5_17_pm
Oil,Landscapes,A Twist of Nature,,,a_twist_of_nature.tif,2019,Oil on Masonite,24,24,1800,"Oil, Landscape",Custom Photographic,landscapes,a_twist_of_nature
Oil,Landscapes,Trinidad Sunset In the Summer of Fires,,,trinidad_sunset.tif,2019,Oil on Masonite,18,24,1500,"Oil, Landscape",Custom Photographic,landscapes,trinidad_sunset
oil,Landscapes,Monterey,,,monterey.tif,2018,Oil on Masonite,10,10,450,Oil,Custom Photographic,landscapes,monterey
oil,Landscapes,Roc Egg,,,monterey_visitor.tif,2018,Oil on Masonite,24,36,1950,Oil,Custom Photographic,landscapes,monterey_visitor
oil,Landscapes,La Rambla,,,la_rambla.jpg,2018,Oil on Masonite,24,36,1800,Oil,Photo,landscapes,la_rambla
oil,Landscapes,Girl Up a Tree,,,girl_up_a_tree.jpg,2018,Oil on Masonite,24,60,,Oil,Photo,landscapes,girl_up_a_tree
oil,Landscapes,No Cherry Blossoms Today,,,no_cherry_blossoms_today.tif,2018,Oil on Masonite,36,24,2500,Oil,,landscapes,no_cherry_blossoms_today
Oil,Landscapes,Autumn Jewels,TRUE,,morgans_leaves.tif,2017,Oil on Masonite,8,10,,"Oil, Landscape",Scan from Printer,landscapes,morgans_leaves
oil,Landscapes,Cold Shoulder At Rapunzels Tower,TRUE,,Cold_Shoulder_at_Rapunzels_Tower.tif,2017,Oil on Masonite,16,30,1500,"Oil, Landscape",,landscapes,cold_shoulder_at_rapunzels_tower
oil,Landscapes,Follow Me,TRUE,,follow_me.tif,2017,Oil on Masonite,30,30,2600,"Oil, Landscape",,landscapes,follow_me
Oil,Landscapes,Madrone Dryad,TRUE,,madrone_dryad.tif,2017,Oil on Masonite,16,20,1100,"Oil, Landscape",Custom Photographic,landscapes,madrone_dryad
oil,Landscapes,Secret Garden of Earthly Delights,,,Secret Garden of Earthly Delights.jpg,2017,Oil on Masonite,20,16,1500,,,landscapes,secret_garden_of_earthly_delights
oil,Landscapes,Spengler Path,TRUE,,spengler_path.tif,2017,Oil on Masonite,16,20,1200,,,landscapes,spengler_path
Oil,Landscapes,Shadows on My Path,TRUE,,shadows_on_my_path.tif,2016,Oil on Masonite,32,48,2800,"Oil, Landscape",Custom Photographic,landscapes,shadows_on_my_path
Oil,Landscapes,The Wind in My Branches,TRUE,,the_wind_in_my_branches.tif,2016,Oil on Masonite,48,36,1900,"Oil, Landscape",Custom Photographic,landscapes,the_wind_in_my_branches
Oil,Landscapes,The Wind in My Branches v1,,the_wind_in_my_branches,the_wind_in_my_branches_v1.tif,2016,Oil on Masonite,48,36,,"Oil, Landscape",Custom Photographic,landscapes,the_wind_in_my_branches_v1
Oil,Landscapes,Amalfi Coast,,,amalfi_coast.tif,2015,Oil on Masonite,24,60,4000,"Oil, Italy, Landscape",Custom Photographic,landscapes,amalfi_coast
Oil,Landscapes,Briones Through My Window,,,briones_through_my_window.png,2015,Oil on Masonite,72,48,8000,"Oil, Landscape, Wide",Custom Photographic,landscapes,briones_through_my_window
oil,Landscapes,Eucylptus Bark,,,eucylptus.tif,2014,Oil on Masonite,16,20,850,,,landscapes,eucylptus
Oil,Landscapes,Snow on Mount Diablo,,,snow_on_mount_diablo.tif,2014,Oil on Masonite,24,36,1300,"Oil, Landscape",Custom Photographic,landscapes,snow_on_mount_diablo
Oil,Landscapes,Tuscan Path,,,tuscan_path.tif,2014,Oil on Masonite,24,60,4000,"Oil, Italy, Landscape",Custom Photographic,landscapes,tuscan_path
Oil,Landscapes,Venice Canal,,,venice_canal.tif,2014,Oil on Masonite,24,60,4000,"Oil, Italy, Landscape",Custom Photographic,landscapes,venice_canal
Oil,Landscapes,Mendocino Coast Sunset,,,mendocino_coast_sunset.tif,2012,Oil on Masonite,24,30,,"Oil, Landscape",Custom Photographic,landscapes,mendocino_coast_sunset
Oil,Landscapes,Irish Garden,,,irish_garden.tif,2010,Oil on Masonite,16,20,,"Oil, Landscape",Custom Photographic,landscapes,irish_garden
Oil,Landscapes,In a Tuscan Town,TRUE,,in_a_tuscan_town.tif,2013,Oil on Masonite,24,60,,"Oil, Italy, Landscape",Custom Photographic,landscapes,in_a_tuscan_town
Oil,Landscapes,In a Tuscan Town (Beginning),,in_a_tuscan_town,in_a_tuscan_town-underpaint.jpg,2013,Oil on Masonite,24,60,,"Oil, Italy, Landscapes, Progressions",Photo,landscapes,in_a_tuscan_town-underpaint
Oil,Landscapes,In a Tuscan Town (Sepia Layer),,in_a_tuscan_town,in_a_tuscan_town-sepia.jpg,2013,Oil on Masonite,24,60,,"Oil, Italy, Landscapes, Progressions",Photo,landscapes,in_a_tuscan_town-sepia
Oil,Landscapes,Italian Portico,,,italian_portico.tif,2006,Oil on Masonite,15,20,,"Oil, Italy, Architecture, Pets and Animals",Custom Photographic,landscapes,italian_portico
oil,Landscapes,Banyan Tree,TRUE,,banyan_tree.tif,,,,,,,,landscapes,banyan_tree
oil,Landscapes,Img 0036,,banyan_tree,IMG_0036.jpg,,,,,,,,landscapes,img_0036
oil,Landscapes,Img 1679,,briones_through_my_window,IMG_1679.jpg,,,,,,,,landscapes,img_1679
oil,Landscapes,Img 1680,,briones_through_my_window,IMG_1680.jpg,,,,,,,,landscapes,img_1680
oil,Landscapes,Img 1681,,briones_through_my_window,IMG_1681.jpg,,,,,,,,landscapes,img_1681
oil,Landscapes,Img 1686,,briones_through_my_window,IMG_1686.jpg,,,,,,,,landscapes,img_1686
oil,Landscapes,Img 1687,,briones_through_my_window,IMG_1687.jpg,,,,,,,,landscapes,img_1687
oil,Landscapes,Img 1688,,briones_through_my_window,IMG_1688.jpg,,,,,,,,landscapes,img_1688
oil,Landscapes,Img 1689,,briones_through_my_window,IMG_1689.jpg,,,,,,,,landscapes,img_1689
oil,Landscapes,Img 1690,,briones_through_my_window,IMG_1690.jpg,,,,,,,,landscapes,img_1690
oil,Landscapes,Img 1691,,briones_through_my_window,IMG_1691.jpg,,,,,,,,landscapes,img_1691
oil,Landscapes,Img 4432,,secret_garden_of_earthly_delights,IMG_4432.jpg,,,,,,,,landscapes,img_4432
oil,Landscapes,Img 4437,,briones_through_my_window,IMG_4437.jpg,,,,,,,,landscapes,img_4437
oil,Landscapes,Img 4453,,briones_through_my_window,IMG_4453.jpg,,,,,,,,landscapes,img_4453
oil,Landscapes,Img 4503,,secret_garden_of_earthly_delights,IMG_4503.jpg,,,,,,,,landscapes,img_4503
oil,Landscapes,Img 4504,,briones_through_my_window,IMG_4504.jpg,,,,,,,,landscapes,img_4504
oil,Landscapes,Img 4510,,secret_garden_of_earthly_delights,IMG_4510.jpg,,,,,,,,landscapes,img_4510
oil,Landscapes,Img 4511,,briones_through_my_window,IMG_4511.jpg,,,,,,,,landscapes,img_4511
oil,Landscapes,Img 4512,,briones_through_my_window,IMG_4512.jpg,,,,,,,,landscapes,img_4512
oil,Landscapes,Img 4513,,briones_through_my_window,IMG_4513.jpg,,,,,,,,landscapes,img_4513
oil,Landscapes,Img 4514,,briones_through_my_window,IMG_4514.jpg,,,,,,,,landscapes,img_4514
oil,Landscapes,Img 4519,,secret_garden_of_earthly_delights,IMG_4519.jpg,,,,,,,,landscapes,img_4519
oil,Landscapes,Img 4520,,secret_garden_of_earthly_delights,IMG_4520.jpg,,,,,,,,landscapes,img_4520
oil,Landscapes,Img 4521,,briones_through_my_window,IMG_4521.jpg,,,,,,,,landscapes,img_4521
oil,Landscapes,Img 4522,,briones_through_my_window,IMG_4522.jpg,,,,,,,,landscapes,img_4522
oil,Landscapes,Img 4529,,briones_through_my_window,IMG_4529.jpg,,,,,,,,landscapes,img_4529
oil,Landscapes,Img 4533,,briones_through_my_window,IMG_4533.jpg,,,,,,,,landscapes,img_4533
oil,Landscapes,Img 4535,,secret_garden_of_earthly_delights,IMG_4535.jpg,,,,,,,,landscapes,img_4535
oil,Landscapes,Img 4536,,briones_through_my_window,IMG_4536.jpg,,,,,,,,landscapes,img_4536
oil,Landscapes,Img 4537,,briones_through_my_window,IMG_4537.jpg,,,,,,,,landscapes,img_4537
oil,Landscapes,Img 4543,,briones_through_my_window,IMG_4543.jpg,,,,,,,,landscapes,img_4543
oil,Landscapes,Img 4544,,briones_through_my_window,IMG_4544.jpg,,,,,,,,landscapes,img_4544
oil,Landscapes,Img 4545,,briones_through_my_window,IMG_4545.jpg,,,,,,,,landscapes,img_4545
oil,Landscapes,Img 4622,,briones_through_my_window,IMG_4622.jpg,,,,,,,,landscapes,img_4622
oil,Landscapes,Img 4623,,briones_through_my_window,IMG_4623.jpg,,,,,,,,landscapes,img_4623
oil,Landscapes,Img 4627,,briones_through_my_window,IMG_4627.jpg,,,,,,,,landscapes,img_4627
oil,Landscapes,Img 4628,,briones_through_my_window,IMG_4628.jpg,,,,,,,,landscapes,img_4628
oil,Landscapes,Img 4657,,briones_through_my_window,IMG_4657.jpg,,,,,,,,landscapes,img_4657
oil,Landscapes,Img 4658,,briones_through_my_window,IMG_4658.jpg,,,,,,,,landscapes,img_4658
oil,Landscapes,Img 4715,,briones_through_my_window,IMG_4715.jpg,,,,,,,,landscapes,img_4715
oil,Landscapes,Img 4717,,briones_through_my_window,IMG_4717.jpg,,,,,,,,landscapes,img_4717
oil,Landscapes,Img 4720,,briones_through_my_window,IMG_4720.jpg,,,,,,,,landscapes,img_4720
oil,Landscapes,Img 4858,,shadows_on_my_path,IMG_4858.jpg,,,,,,,,landscapes,img_4858
oil,Landscapes,Img 4872,,shadows_on_my_path,IMG_4872.jpg,,,,,,,,landscapes,img_4872
oil,Landscapes,Img 4873,,shadows_on_my_path,IMG_4873.jpg,,,,,,,,landscapes,img_4873
oil,Landscapes,Img 4874,,secret_garden_of_earthly_delights,IMG_4874.jpg,,,,,,,,landscapes,img_4874
oil,Landscapes,Img 4875,,secret_garden_of_earthly_delights,IMG_4875.jpg,,,,,,,,landscapes,img_4875
oil,Landscapes,Img 4876,,secret_garden_of_earthly_delights,IMG_4876.jpg,,,,,,,,landscapes,img_4876
oil,Landscapes,Img 4932,,shadows_on_my_path,IMG_4932.jpg,,,,,,,,landscapes,img_4932
oil,Landscapes,Img 4937,,shadows_on_my_path,IMG_4937.jpg,,,,,,,,landscapes,img_4937
oil,Landscapes,Img 4938,,shadows_on_my_path,IMG_4938.jpg,,,,,,,,landscapes,img_4938
oil,Landscapes,Img 4939,,shadows_on_my_path,IMG_4939.jpg,,,,,,,,landscapes,img_4939
oil,Landscapes,Img 4940,,shadows_on_my_path,IMG_4940.jpg,,,,,,,,landscapes,img_4940
oil,Landscapes,Img 4943,,shadows_on_my_path,IMG_4943.jpg,,,,,,,,landscapes,img_4943
oil,Landscapes,Img 4944,,shadows_on_my_path,IMG_4944.jpg,,,,,,,,landscapes,img_4944
oil,Landscapes,Img 4945,,shadows_on_my_path,IMG_4945.jpg,,,,,,,,landscapes,img_4945
oil,Landscapes,Img 4994,,shadows_on_my_path,IMG_4994.jpg,,,,,,,,landscapes,img_4994
oil,Landscapes,Img 4995,,shadows_on_my_path,IMG_4995.jpg,,,,,,,,landscapes,img_4995
oil,Landscapes,Img 5014,,shadows_on_my_path,IMG_5014.jpg,,,,,,,,landscapes,img_5014
oil,Landscapes,Img 5017,,shadows_on_my_path,IMG_5017.jpg,,,,,,,,landscapes,img_5017
oil,Landscapes,Img 5018,,shadows_on_my_path,IMG_5018.jpg,,,,,,,,landscapes,img_5018
oil,Landscapes,Img 5019,,shadows_on_my_path,IMG_5019.jpg,,,,,,,,landscapes,img_5019
oil,Landscapes,Img 5024,,shadows_on_my_path,IMG_5024.jpg,,,,,,,,landscapes,img_5024
oil,Landscapes,Img 5025,,shadows_on_my_path,IMG_5025.jpg,,,,,,,,landscapes,img_5025
oil,Landscapes,Img 5026,,shadows_on_my_path,IMG_5026.jpg,,,,,,,,landscapes,img_5026
oil,Landscapes,Img 5063,,shadows_on_my_path,IMG_5063.jpg,,,,,,,,landscapes,img_5063
oil,Landscapes,Img 5064,,shadows_on_my_path,IMG_5064.jpg,,,,,,,,landscapes,img_5064
oil,Landscapes,Img 5065,,shadows_on_my_path,IMG_5065.jpg,,,,,,,,landscapes,img_5065
oil,Landscapes,Img 5067,,shadows_on_my_path,IMG_5067.jpg,,,,,,,,landscapes,img_5067
oil,Landscapes,Img 5239,,shadows_on_my_path,IMG_5239.jpg,,,,,,,,landscapes,img_5239
oil,Landscapes,Img 5242,,briones_through_my_window,IMG_5242.jpg,,,,,,,,landscapes,img_5242
oil,Landscapes,Img 5246,,the_wind_in_my_branches,IMG_5246.jpg,,,,,,,,landscapes,img_5246
oil,Landscapes,Img 5259,,the_wind_in_my_branches,IMG_5259.jpg,,,,,,,,landscapes,img_5259
oil,Landscapes,Img 5284,,the_wind_in_my_branches,IMG_5284.jpg,,,,,,,,landscapes,img_5284
oil,Landscapes,Img 5285,,the_wind_in_my_branches,IMG_5285.jpg,,,,,,,,landscapes,img_5285
oil,Landscapes,Img 5286,,the_wind_in_my_branches,IMG_5286.jpg,,,,,,,,landscapes,img_5286
oil,Landscapes,Img 5288,,the_wind_in_my_branches,IMG_5288.jpg,,,,,,,,landscapes,img_5288
oil,Landscapes,Img 5307,,the_wind_in_my_branches,IMG_5307.jpg,,,,,,,,landscapes,img_5307
oil,Landscapes,Img 5311,,the_wind_in_my_branches,IMG_5311.jpg,,,,,,,,landscapes,img_5311
oil,Landscapes,Img 5315,,the_wind_in_my_branches,IMG_5315.jpg,,,,,,,,landscapes,img_5315
oil,Landscapes,Img 5316,,the_wind_in_my_branches,IMG_5316.jpg,,,,,,,,landscapes,img_5316
oil,Landscapes,Img 5317,,the_wind_in_my_branches,IMG_5317.jpg,,,,,,,,landscapes,img_5317
oil,Landscapes,Img 5318,,the_wind_in_my_branches,IMG_5318.jpg,,,,,,,,landscapes,img_5318
oil,Landscapes,Img 5350,,the_wind_in_my_branches,IMG_5350.jpg,,,,,,,,landscapes,img_5350
oil,Landscapes,Img 5351,,the_wind_in_my_branches,IMG_5351.jpg,,,,,,,,landscapes,img_5351
oil,Landscapes,Img 5362,,the_wind_in_my_branches,IMG_5362.jpg,,,,,,,,landscapes,img_5362
oil,Landscapes,Img 5363,,the_wind_in_my_branches,IMG_5363.jpg,,,,,,,,landscapes,img_5363
oil,Landscapes,Img 5397,,the_wind_in_my_branches,IMG_5397.jpg,,,,,,,,landscapes,img_5397
oil,Landscapes,Img 5398,,the_wind_in_my_branches,IMG_5398.jpg,,,,,,,,landscapes,img_5398
oil,Landscapes,Img 5877,,the_wind_in_my_branches,IMG_5877.jpg,,,,,,,,landscapes,img_5877
oil,Landscapes,Img 5878,,the_wind_in_my_branches,IMG_5878.jpg,,,,,,,,landscapes,img_5878
oil,Landscapes,Img 5882,,the_wind_in_my_branches,IMG_5882.jpg,,,,,,,,landscapes,img_5882
oil,Landscapes,Img 5883,,the_wind_in_my_branches,IMG_5883.jpg,,,,,,,,landscapes,img_5883
oil,Landscapes,Img 5884,,the_wind_in_my_branches,IMG_5884.jpg,,,,,,,,landscapes,img_5884
oil,Landscapes,Img 5899,,the_wind_in_my_branches,IMG_5899.jpg,,,,,,,,landscapes,img_5899
oil,Landscapes,Img 6220,,morgans_leaves,IMG_6220.jpg,,,,,,,,landscapes,img_6220
oil,Landscapes,Img 6237,,morgans_leaves,IMG_6237.jpg,,,,,,,,landscapes,img_6237
oil,Landscapes,Img 6245,,morgans_leaves,IMG_6245.jpg,,,,,,,,landscapes,img_6245
oil,Landscapes,Img 6313,,morgans_leaves,IMG_6313.jpg,,,,,,,,landscapes,img_6313
oil,Landscapes,Img 6316,,morgans_leaves,IMG_6316.jpg,,,,,,,,landscapes,img_6316
oil,Landscapes,Img 6388,,morgans_leaves,IMG_6388.jpg,,,,,,,,landscapes,img_6388
oil,Landscapes,Img 6403,,morgans_leaves,IMG_6403.jpg,,,,,,,,landscapes,img_6403
oil,Landscapes,Img 6404,,morgans_leaves,IMG_6404.jpg,,,,,,,,landscapes,img_6404
oil,Landscapes,Img 6406,,morgans_leaves,IMG_6406.jpg,,,,,,,,landscapes,img_6406
oil,Landscapes,Img 6407,,morgans_leaves,IMG_6407.jpg,,,,,,,,landscapes,img_6407
oil,Landscapes,Img 6408,,morgans_leaves,IMG_6408.jpg,,,,,,,,landscapes,img_6408
oil,Landscapes,Img 6422,,morgans_leaves,IMG_6422.jpg,,,,,,,,landscapes,img_6422
oil,Landscapes,Img 6423,,morgans_leaves,IMG_6423.jpg,,,,,,,,landscapes,img_6423
oil,Landscapes,Img 6424,,morgans_leaves,IMG_6424.jpg,,,,,,,,landscapes,img_6424
oil,Landscapes,Img 6425,,morgans_leaves,IMG_6425.jpg,,,,,,,,landscapes,img_6425
oil,Landscapes,Img 6426,,morgans_leaves,IMG_6426.jpg,,,,,,,,landscapes,img_6426
oil,Landscapes,Img 6427,,morgans_leaves,IMG_6427.jpg,,,,,,,,landscapes,img_6427
oil,Landscapes,Img 6428,,morgans_leaves,IMG_6428.jpg,,,,,,,,landscapes,img_6428
oil,Landscapes,Img 6429,,morgans_leaves,IMG_6429.jpg,,,,,,,,landscapes,img_6429
oil,Landscapes,Img 6430,,morgans_leaves,IMG_6430.jpg,,,,,,,,landscapes,img_6430
oil,Landscapes,Img 6431,,morgans_leaves,IMG_6431.jpg,,,,,,,,landscapes,img_6431
oil,Landscapes,Img 6432,,morgans_leaves,IMG_6432.jpg,,,,,,,,landscapes,img_6432
oil,Landscapes,Img 6433,,morgans_leaves,IMG_6433.jpg,,,,,,,,landscapes,img_6433
oil,Landscapes,Img 6434,,morgans_leaves,IMG_6434.jpg,,,,,,,,landscapes,img_6434
oil,Landscapes,Img 6442,,madrone_dryad,IMG_6442.jpg,,,,,,,,landscapes,img_6442
oil,Landscapes,Img 6443,,madrone_dryad,IMG_6443.jpg,,,,,,,,landscapes,img_6443
oil,Landscapes,Img 6444,,madrone_dryad,IMG_6444.jpg,,,,,,,,landscapes,img_6444
oil,Landscapes,Img 6497,,madrone_dryad,IMG_6497.jpg,,,,,,,,landscapes,img_6497
oil,Landscapes,Img 6498,,madrone_dryad,IMG_6498.jpg,,,,,,,,landscapes,img_6498
oil,Landscapes,Img 6503,,madrone_dryad,IMG_6503.jpg,,,,,,,,landscapes,img_6503
oil,Landscapes,Img 6504,,madrone_dryad,IMG_6504.jpg,,,,,,,,landscapes,img_6504
oil,Landscapes,Img 6506,,madrone_dryad,IMG_6506.jpg,,,,,,,,landscapes,img_6506
oil,Landscapes,Img 6510,,madrone_dryad,IMG_6510.jpg,,,,,,,,landscapes,img_6510
oil,Landscapes,Img 6548,,secret_garden_of_earthly_delights,IMG_6548.jpg,,,,,,,,landscapes,img_6548
oil,Landscapes,Img 6549,,secret_garden_of_earthly_delights,IMG_6549.jpg,,,,,,,,landscapes,img_6549
oil,Landscapes,Img 6550,,madrone_dryad,IMG_6550.jpg,,,,,,,,landscapes,img_6550
oil,Landscapes,Img 6551,,secret_garden_of_earthly_delights,IMG_6551.jpg,,,,,,,,landscapes,img_6551
oil,Landscapes,Img 6604,,morgans_leaves,IMG_6604.jpg,,,,,,,,landscapes,img_6604
oil,Landscapes,Img 6609,,madrone_dryad,IMG_6609.jpg,,,,,,,,landscapes,img_6609
oil,Landscapes,Img 6620,,cold_shoulder_at_rapunzels_tower,IMG_6620.jpg,,,,,,,,landscapes,img_6620
oil,Landscapes,Img 6621,,cold_shoulder_at_rapunzels_tower,IMG_6621.jpg,,,,,,,,landscapes,img_6621
oil,Landscapes,Img 6622,,cold_shoulder_at_rapunzels_tower,IMG_6622.jpg,,,,,,,,landscapes,img_6622
oil,Landscapes,Img 6643,,cold_shoulder_at_rapunzels_tower,IMG_6643.jpg,,,,,,,,landscapes,img_6643
oil,Landscapes,Img 6645,,cold_shoulder_at_rapunzels_tower,IMG_6645.jpg,,,,,,,,landscapes,img_6645
oil,Landscapes,Img 6646,,cold_shoulder_at_rapunzels_tower,IMG_6646.jpg,,,,,,,,landscapes,img_6646
oil,Landscapes,Img 6650,,cold_shoulder_at_rapunzels_tower,IMG_6650.jpg,,,,,,,,landscapes,img_6650
oil,Landscapes,Img 6651,,cold_shoulder_at_rapunzels_tower,IMG_6651.jpg,,,,,,,,landscapes,img_6651
oil,Landscapes,Img 6652,,cold_shoulder_at_rapunzels_tower,IMG_6652.jpg,,,,,,,,landscapes,img_6652
oil,Landscapes,Img 6653,,cold_shoulder_at_rapunzels_tower,IMG_6653.jpg,,,,,,,,landscapes,img_6653
oil,Landscapes,Img 6657,,cold_shoulder_at_rapunzels_tower,IMG_6657.jpg,,,,,,,,landscapes,img_6657
oil,Landscapes,Img 6658,,cold_shoulder_at_rapunzels_tower,IMG_6658.jpg,,,,,,,,landscapes,img_6658
oil,Landscapes,Img 6659,,cold_shoulder_at_rapunzels_tower,IMG_6659.jpg,2017,Oil on Masonite,16,30,,,,landscapes,img_6659
oil,Landscapes,Img 6717,,spengler_path,IMG_6717.jpg,,,,,,,,landscapes,img_6717
oil,Landscapes,Img 6738,,follow_me,IMG_6738.jpg,,,,,,,,landscapes,img_6738
oil,Landscapes,Img 6739,,follow_me,IMG_6739.jpg,,,,,,,,landscapes,img_6739
oil,Landscapes,Img 6740,,follow_me,IMG_6740.jpg,,,,,,,,landscapes,img_6740
oil,Landscapes,Img 6766,,follow_me,IMG_6766.jpg,,,,,,,,landscapes,img_6766
oil,Landscapes,Img 6767,,follow_me,IMG_6767.jpg,,,,,,,,landscapes,img_6767
oil,Landscapes,Img 6773,,spengler_path,IMG_6773.jpg,,,,,,,,landscapes,img_6773
oil,Landscapes,Img 6775,,follow_me,IMG_6775.jpg,,,,,,,,landscapes,img_6775
oil,Landscapes,Img 6778,,follow_me,IMG_6778.jpg,,,,,,,,landscapes,img_6778
oil,Landscapes,Img 6780,,spengler_path,IMG_6780.jpg,,,,,,,,landscapes,img_6780
oil,Landscapes,Img 6784,,follow_me,IMG_6784.jpg,,,,,,,,landscapes,img_6784
oil,Landscapes,Img 6787,,follow_me,IMG_6787.jpg,,,,,,,,landscapes,img_6787
oil,Landscapes,Img 6820,,spengler_path,IMG_6820.jpg,,,,,,,,landscapes,img_6820
oil,Landscapes,Img 6831,,follow_me,IMG_6831.jpg,,,,,,,,landscapes,img_6831
oil,Landscapes,Img 6832,,follow_me,IMG_6832.jpg,,,,,,,,landscapes,img_6832
oil,Landscapes,Img 6833,,follow_me,IMG_6833.jpg,,,,,,,,landscapes,img_6833
oil,Landscapes,Img 6834,,spengler_path,IMG_6834.jpg,,,,,,,,landscapes,img_6834
oil,Landscapes,Img 6835,,follow_me,IMG_6835.jpg,,,,,,,,landscapes,img_6835
oil,Landscapes,Img 6836,,follow_me,IMG_6836.jpg,,,,,,,,landscapes,img_6836
oil,Landscapes,Img 6837,,follow_me,IMG_6837.jpg,,,,,,,,landscapes,img_6837
oil,Landscapes,Img 6885,,follow_me,IMG_6885.jpg,,,,,,,,landscapes,img_6885
oil,Landscapes,Img 6886,,follow_me,IMG_6886.jpg,,,,,,,,landscapes,img_6886
oil,Landscapes,Img 6887,,follow_me,IMG_6887.jpg,,,,,,,,landscapes,img_6887
oil,Landscapes,Img 6889,,follow_me,IMG_6889.jpg,,,,,,,,landscapes,img_6889
oil,Landscapes,Img 6893,,follow_me,IMG_6893.jpg,,,,,,,,landscapes,img_6893
oil,Landscapes,Img 6894,,follow_me,IMG_6894.jpg,,,,,,,,landscapes,img_6894
oil,Landscapes,Img 6896,,banyan_tree,IMG_6896.jpg,,,,,,,,landscapes,img_6896
oil,Landscapes,Img 6897,,banyan_tree,IMG_6897.jpg,,,,,,,,landscapes,img_6897
oil,Landscapes,Img 6898,,banyan_tree,IMG_6898.jpg,,,,,,,,landscapes,img_6898
oil,Landscapes,Img 6912,,banyan_tree,IMG_6912.jpg,,,,,,,,landscapes,img_6912
oil,Landscapes,Img 6913,,banyan_tree,IMG_6913.jpg,,,,,,,,landscapes,img_6913
oil,Landscapes,Img 6914,,follow_me,IMG_6914.jpg,,,,,,,,landscapes,img_6914
oil,Landscapes,Img 6915,,follow_me,IMG_6915.jpg,,,,,,,,landscapes,img_6915
oil,Landscapes,Img 6927,,banyan_tree,IMG_6927.jpg,,,,,,,,landscapes,img_6927
oil,Landscapes,Img 6928,,banyan_tree,IMG_6928.jpg,,,,,,,,landscapes,img_6928
oil,Landscapes,Img 6929,,banyan_tree,IMG_6929.jpg,,,,,,,,landscapes,img_6929
oil,Landscapes,Img 6930,,banyan_tree,IMG_6930.jpg,,,,,,,,landscapes,img_6930
oil,Landscapes,Img 6932,,banyan_tree,IMG_6932.jpg,,,,,,,,landscapes,img_6932
oil,Landscapes,Img 6933,,banyan_tree,IMG_6933.jpg,,,,,,,,landscapes,img_6933
oil,Landscapes,Img 6934,,banyan_tree,IMG_6934.jpg,,,,,,,,landscapes,img_6934
oil,Landscapes,Img 7275,,banyan_tree,IMG_7275.jpg,,,,,,,,landscapes,img_7275
oil,Landscapes,Img 7290,,banyan_tree,IMG_7290.jpg,,,,,,,,landscapes,img_7290
oil,Landscapes,Img 7292,,banyan_tree,IMG_7292.jpg,,,,,,,,landscapes,img_7292
oil,Landscapes,Img 7316,,banyan_tree,IMG_7316.jpg,,,,,,,,landscapes,img_7316
oil,Landscapes,Img 7317,,banyan_tree,IMG_7317.jpg,,,,,,,,landscapes,img_7317
oil,Landscapes,Img 7318,,spengler_path,IMG_7318.jpg,,,,,,,,landscapes,img_7318
oil,Landscapes,Img 7320,,banyan_tree,IMG_7320.jpg,,,,,,,,landscapes,img_7320
oil,Landscapes,Img 7322,,banyan_tree,IMG_7322.jpg,,,,,,,,landscapes,img_7322
oil,Landscapes,Img 7323,,banyan_tree,IMG_7323.jpg,,,,,,,,landscapes,img_7323
oil,Landscapes,Img 7329,,spengler_path,IMG_7329.jpg,,,,,,,,landscapes,img_7329
oil,Landscapes,Img 7330,,spengler_path,IMG_7330.jpg,,,,,,,,landscapes,img_7330
oil,Landscapes,Img 7331,,banyan_tree,IMG_7331.jpg,,,,,,,,landscapes,img_7331
oil,Landscapes,Img 7333,,banyan_tree,IMG_7333.jpg,,,,,,,,landscapes,img_7333
oil,Landscapes,Img 7334,,banyan_tree,IMG_7334.jpg,,,,,,,,landscapes,img_7334
oil,Landscapes,Img 7336,,banyan_tree,IMG_7336.jpg,,,,,,,,landscapes,img_7336
oil,Landscapes,Img 7343,,banyan_tree,IMG_7343.jpg,,,,,,,,landscapes,img_7343
oil,Landscapes,Img 7345,,follow_me,IMG_7345.jpg,,,,,,,,landscapes,img_7345
oil,Landscapes,Img 7433,,banyan_tree,IMG_7433.jpg,,,,,,,,landscapes,img_7433
oil,Landscapes,Img 7440,,banyan_tree,IMG_7440.jpg,,,,,,,,landscapes,img_7440
oil,Landscapes,Img 7548,,spengler_path,IMG_7548.jpg,,,,,,,,landscapes,img_7548
oil,Landscapes,Img 7549,,spengler_path,IMG_7549.jpg,,,,,,,,landscapes,img_7549
oil,Landscapes,Img 7557,,spengler_path,IMG_7557.jpg,,,,,,,,landscapes,img_7557
oil,Landscapes,Img 7564,,spengler_path,IMG_7564.jpg,,,,,,,,landscapes,img_7564
oil,Landscapes,Img 7565,,spengler_path,IMG_7565.jpg,,,,,,,,landscapes,img_7565
oil,Landscapes,Img 7566,,follow_me,IMG_7566.jpg,,,,,,,,landscapes,img_7566
oil,Landscapes,Img 7569,,follow_me,IMG_7569.jpg,,,,,,,,landscapes,img_7569
oil,Landscapes,Img 7585,,spengler_path,IMG_7585.jpg,,,,,,,,landscapes,img_7585
oil,Landscapes,Img 7586,,spengler_path,IMG_7586.jpg,,,,,,,,landscapes,img_7586
oil,Landscapes,Img 7589,,spengler_path,IMG_7589.jpg,,,,,,,,landscapes,img_7589
oil,Landscapes,Img 7592,,spengler_path,IMG_7592.jpg,,,,,,,,landscapes,img_7592
oil,Landscapes,Shadows In My Past,,,shadows_in_my_past.tif,,Oil on Masonite,,,,,,landscapes,shadows_in_my_past
oil,Landscapes,Shadows On My Path,TRUE,shadows_on_my_path,shadows_on_my_path.jpg,,Oil on Masonite,,,,,,landscapes,shadows_on_my_path
Oil,Landscapes,Sunset,TRUE,,sunset.tif,2015,Oil on Masonite,60,24,,"Oil, Landscape",Photo (large),landscapes,sunset
oil,Landscapes,Sunset 1,,sunset,sunset_1.jpg,,,,,,,,landscapes,sunset_1
oil,Landscapes,Sunset 2,,sunset,sunset_2.jpg,,,,,,,,landscapes,sunset_2
oil,Landscapes,Sunset 3,,sunset,sunset_3.jpg,,,,,,,,landscapes,sunset_3
oil,Landscapes,Sunset 4,,sunset,sunset_4.jpg,,,,,,,,landscapes,sunset_4
oil,Landscapes,Sunset 5,,sunset,sunset_5.jpg,,,,,,,,landscapes,sunset_5
oil,Landscapes,Sunset 6,,sunset,sunset_6.jpg,,,,,,,,landscapes,sunset_6
oil,Landscapes,Sunset 7,,sunset,sunset_7.jpg,,,,,,,,landscapes,sunset_7
oil,Portraits,The Sun King,,,the_sun_king.tif,2019,Oil on Masonite,18,24,,"Oil, Portraits",Custom Photographic,portraits,the_sun_king
oil,Portraits,Age of Joy,TRUE,,age_of_joy.tif,2018,Oil on Masonite,18,24,,"Oil, Portraits",Custom Photographic,portraits,age_of_joy
oil,Portraits,Img 8266,,age_of_joy,IMG_8266.jpg,,,,,,,,portraits,img_8266
oil,Portraits,Img 8267,,age_of_joy,IMG_8267.jpg,,,,,,,,portraits,img_8267
oil,Portraits,Img 8443,,age_of_joy,IMG_8443.jpg,,,,,,,,portraits,img_8443
oil,Portraits,Img 8508,,age_of_joy,IMG_8508.jpg,,,,,,,,portraits,img_8508
oil,Portraits,Img 8509,,age_of_joy,IMG_8509.jpg,,,,,,,,portraits,img_8509
oil,Portraits,Img 8519,,age_of_joy,IMG_8519.jpg,,,,,,,,portraits,img_8519
oil,Portraits,Img 8520,,age_of_joy,IMG_8520.jpg,,,,,,,,portraits,img_8520
oil,Portraits,Img 8521,,age_of_joy,IMG_8521.jpg,,,,,,,,portraits,img_8521
oil,Portraits,Img 8596,,age_of_joy,IMG_8596.jpg,,,,,,,,portraits,img_8596
oil,Portraits,Img 8665,,age_of_joy,IMG_8665.jpg,,,,,,,,portraits,img_8665
oil,Portraits,Img 9427,,age_of_joy,IMG_9427.jpg,,,,,,,,portraits,img_9427
oil,Portraits,Img 9428,,age_of_joy,IMG_9428.jpg,,,,,,,,portraits,img_9428
oil,Portraits,Img 9436,,age_of_joy,IMG_9436.jpg,,,,,,,,portraits,img_9436
oil,Portraits,Img 9437,,age_of_joy,IMG_9437.jpg,,,,,,,,portraits,img_9437
oil,Portraits,Img 9438,,age_of_joy,IMG_9438.jpg,,,,,,,,portraits,img_9438
oil,Portraits,Img 9449,,age_of_joy,IMG_9449.jpg,,,,,,,,portraits,img_9449
oil,Portraits,Img 9450,,age_of_joy,IMG_9450.jpg,,,,,,,,portraits,img_9450
oil,Portraits,Img 9451,,age_of_joy,IMG_9451.jpg,,,,,,,,portraits,img_9451
oil,Portraits,Img 9452,,age_of_joy,IMG_9452.jpg,,,,,,,,portraits,img_9452
oil,Portraits,Img 9461,,age_of_joy,IMG_9461.jpg,,,,,,,,portraits,img_9461
oil,Portraits,Img 9462,,age_of_joy,IMG_9462.jpg,,,,,,,,portraits,img_9462
oil,Portraits,Img 9463,,age_of_joy,IMG_9463.jpg,,,,,,,,portraits,img_9463
oil,Portraits,Img 9489,,age_of_joy,IMG_9489.jpg,,,,,,,,portraits,img_9489
oil,Portraits,J-age of Joy,,age_of_joy,J-age_of_joy.jpg,,,,,,,,portraits,j-age_of_joy
oil,Portraits,Joie de Vivre,,,Joie de Vivre-11x14.tif,2019,Oil on Masonite,11,14,,"Oil, Portraits",Custom Photographic,portraits,joie_de_vivre
Oil,Portraits,Jill,,,jill.tif,2013,Oil on Masonite,42,60,,"Oil, Portraits, The Figure",Custom Photographic,portraits,jill
Oil,Portraits,Sensei Jerrell,,,sensei_jerrell.tif,2013,Oil on Masonite,40,60,,"Oil, Portraits, The Figure",Custom Photographic,portraits,sensei_jerrell
Oil,Portraits,Carmen's Son,,,carmens_son.tif,2012,Oil on Masonite,8,10,,"Oil, Portraits",Photo (large),portraits,carmens_son
Oil,Portraits,Papa & the Girl,,,the_girl_and_papa.tif,2011,Oil on Masonite,4,6,,"Oil, Portraits",Photo,portraits,the_girl_and_papa
Oil,Portraits,The Girl,,,the_girl.jpg,2011,Oil on Masonite,8,10,,"Oil, Portraits",Photo (large),portraits,the_girl
Oil,Portraits,Girl on a Bench,,,girl_on_a_bench.tif,2010,Oil on Masonite,8,10,,"Oil, Portraits",Photo (large),portraits,girl_on_a_bench
Oil,Portraits,Portrait of Zanna,,,zanna.tif,2010,Oil on Masonite,15,20,,"Oil, Portraits",Custom Photographic,portraits,zanna
Oil,Portraits,Sleeping Little Morgan,,,morgan-detail.jpg,2000,Oil on Canvas Board,24,30,,"Oil, Portraits",Photo,portraits,morgan-detail
Oil,Portraits,Meditation,,,meditation.tif,1997,Oil on Masonite,10,15,,"Oil, Portraits",Custom Photographic,portraits,meditation
Oil,Portraits,Sheri & Grapes,,,sheri_and_grapes.tif,1990,Oil on Masonite,10,15,,"Oil, Portraits",Scan from Printer,portraits,sheri_and_grapes
oil,Portraits,Fran's Portrait,,,frans_portrait.jpg,2018,Oil on Masonite,8,10,,"Oil, Portraits",Scan from Printer,portraits,frans_portrait
Oil,Doorknockers,Irish Doorknob,,,irish_doorknob.tif,2011,Oil on Masonite,8,10,,"Oil, Doorknockers",Scan from Printer,doorknockers,irish_doorknob
Oil,Doorknockers,Hand Knocker,,,hand_knocker.tif,2008,Oil on Masonite,8,10,,"Oil, Italy, Doorknockers, Series",Custom Photographic,doorknockers,hand_knocker
Oil,Doorknockers,Lion Door Knocker,,,lion_knocker.tif,2008,Oil on Masonite,8,10,,"Oil, Italy, Doorknockers, Series",Custom Photographic,doorknockers,lion_knocker
Oil,Doorknockers,Nude Door Knocker,,,lady_knocker.tif,2008,Oil on Masonite,8,10,,"Oil, Italy, Doorknockers, Series",Custom Photographic,doorknockers,lady_knocker
Oil,Doorknockers,Sheep Knocker,,,sheep_knocker.tif,2008,Oil on Masonite,8,10,,"Oil, Italy, Doorknockers, Series",Custom Photographic,doorknockers,sheep_knocker
Oil,Doorknockers,Devil Knocker,,,devil_knocker.tif,2007,Oil on Masonite,8,10,,"Oil, Italy, Doorknockers, Series",Custom Photographic,doorknockers,devil_knocker
Oil,Doorknockers,Door Bell,,,mirror_knocker.tif,2007,Oil on Masonite,8,10,,"Oil, Italy, Doorknockers, Series",Custom Photographic,doorknockers,mirror_knocker
Oil,Doorknockers,Green Knocker,,,green_knocker.tif,2007,Oil on Masonite,8,10,,"Oil, Italy, Doorknockers, Series",Custom Photographic,doorknockers,green_knocker
Oil,Doorknockers,Horse Knocker,,,horse_knocker.tif,2007,Oil on Masonite,8,10,,"Oil, Italy, Doorknockers, Series",Custom Photographic,doorknockers,horse_knocker
Oil,Still Life,Elements of Time,,,elements_of_time.tif,2015,Oil on Masonite,20,16,,"Oil, Still Life",Photo (large),still_life,elements_of_time
Oil,Still Life,Elements of Time Sepia,,,elements_of_time_sepia.tif,2015,Oil on Masonite,20,16,,"Oil, Still Life",Custom Photographic,still_life,elements_of_time_sepia
Oil,Still Life,Old Master's Pear,,,old_masters_pear.jpg,2015,Oil on Masonite,6,10,,"Oil, Still Life",Scan from Printer,still_life,old_masters_pear
Oil,Still Life,Bath Water Study 1,,,bath_water_study_1.jpg,2017,Oil on Masonite,30,20,,"Oil, Still Life",Photo (large),still_life,bath_water_study_1
Oil,Still Life,Bath Water Study 2,,,bath_water_study_2.jpg,2017,Oil on Masonite,30,20,,"Oil, Still Life",Photo (large),still_life,bath_water_study_2
Oil,Still Life,Bath Water Study 3,,,bath_water_study_3.jpg,2020,Oil on Masonite,30,20,,"Oil, Still Life",Photo (large),still_life,bath_water_study_2
oil,Still Life,Img 5027,,bath_water_study_1,IMG_5027.jpg,,,,,,,No final scan,still_life,img_5027
oil,Still Life,Img 5057,,bath_water_study_1,IMG_5057.jpg,,,,,,,,still_life,img_5057
oil,Still Life,Img 5058,,bath_water_study_1,IMG_5058.jpg,,,,,,,,still_life,img_5058
oil,Still Life,Img 5059,,bath_water_study_1,IMG_5059.jpg,,,,,,,,still_life,img_5059
oil,Still Life,Img 5060,,bath_water_study_1,IMG_5060.jpg,,,,,,,,still_life,img_5060
oil,Still Life,Img 5061,,bath_water_study_1,IMG_5061.jpg,,,,,,,,still_life,img_5061
oil,Still Life,Img 5073,,bath_water_study_1,IMG_5073.jpg,,,,,,,,still_life,img_5073
oil,Still Life,Img 5074,,bath_water_study_1,IMG_5074.jpg,,,,,,,,still_life,img_5074
oil,Still Life,Img 5075,,bath_water_study_1,IMG_5075.jpg,,,,,,,,still_life,img_5075
oil,Still Life,Img 5076,,bath_water_study_1,IMG_5076.jpg,,,,,,,,still_life,img_5076
oil,Still Life,Img 5077,,bath_water_study_1,IMG_5077.jpg,,,,,,,,still_life,img_5077
oil,Still Life,Img 5078,,bath_water_study_1,IMG_5078.jpg,,,,,,,,still_life,img_5078
oil,Still Life,Img 5081,,bath_water_study_1,IMG_5081.jpg,,,,,,,,still_life,img_5081
oil,Still Life,Img 5082,,bath_water_study_1,IMG_5082.jpg,,,,,,,,still_life,img_5082
oil,Still Life,Img 5083,,bath_water_study_1,IMG_5083.jpg,,,,,,,,still_life,img_5083
oil,Still Life,Img 5084,,bath_water_study_1,IMG_5084.jpg,,,,,,,,still_life,img_5084
oil,Still Life,Img 5085,,bath_water_study_1,IMG_5085.jpg,,,,,,,,still_life,img_5085
oil,Still Life,Img 5086,,bath_water_study_1,IMG_5086.jpg,,,,,,,,still_life,img_5086
oil,Still Life,Img 5101,,bath_water_study_1,IMG_5101.jpg,,,,,,,,still_life,img_5101
oil,Still Life,Img 5154,,bath_water_study_1,IMG_5154.jpg,,,,,,,,still_life,img_5154
oil,Still Life,Img 5186,,bath_water_study_1,IMG_5186.jpg,,,,,,,,still_life,img_5186
oil,Still Life,Img 5187,,bath_water_study_1,IMG_5187.jpg,,,,,,,,still_life,img_5187
oil,Still Life,Img 5228,,bath_water_study_1,IMG_5228.jpg,,,,,,,,still_life,img_5228
oil,Still Life,Img 5243,,bath_water_study_1,IMG_5243.jpg,,,,,,,,still_life,img_5243
oil,Still Life,Img 5244,,bath_water_study_1,IMG_5244.jpg,,,,,,,,still_life,img_5244
oil,Still Life,Img 5245,,bath_water_study_1,IMG_5245.jpg,,,,,,,,still_life,img_5245
oil,Still Life,Img 5247,,bath_water_study_1,IMG_5247.jpg,,,,,,,,still_life,img_5247
oil,Still Life,Img 5248,,bath_water_study_1,IMG_5248.jpg,,,,,,,,still_life,img_5248
oil,Still Life,Img 5249,,bath_water_study_1,IMG_5249.jpg,,,,,,,,still_life,img_5249
oil,Still Life,Mandala,,,Mandala.tif,,,,,,,,still_life,mandala
Oil,2010-2011,Morgan's Bird,,,morgans_bird.jpg,2014,Oil on Masonite,8,10,,Oil,Scan from Printer,2010-2011,morgans_bird
Oil,2010-2011,After the Metamorphosis,,,after_the_metamorphosis.jpg,2012,Oil on Masonite,8,10,,"Oil, Fantasy and Allegory",Scan from Printer,2010-2011,after_the_metamorphosis
Oil,2010-2011,Golden Light Energy,,,golden_light_energy.tif,2012,Oil on Masonite,16,20,,Oil,Photo,2010-2011,golden_light_energy
Oil,2010-2011,Portrait of a Battle Dragon,,,portrait_of_a_battle_dragon.jpg,2012,Oil on Masonite,8,10,,"Oil, Fantasy and Allegory",Photo,2010-2011,portrait_of_a_battle_dragon
Oil,2010-2011,Dash,,,dash.tif,2011,Oil on Masonite,4,6,,"Oil, Pets and Animals, Series",Scan from Printer,2010-2011,dash
Oil,2010-2011,Luna,,,luna.tif,2011,Oil on Masonite,4,6,,"Oil, Pets and Animals, Series",Scan from Printer,2010-2011,luna
Oil,2010-2011,Sam,,,sam.tif,2011,Oil on Masonite,4,6,,"Oil, Pets and Animals, Series",Scan from Printer,2010-2011,sam
Oil,2010-2011,Small Roman Lion,,,small_lion.tif,2011,Oil on Masonite,4,6,,"Oil, Pets and Animals",Scan from Printer,2010-2011,small_lion
Oil,2010-2011,St Marks Lion & Morgan 2,,,st_marks_lion_and_girl-2.tif,2010,Oil on Masonite,4,6,,"Oil, Pets and Animals, Portraits",Scan from Printer,2010-2011,st_marks_lion_and_girl-2
Oil,2010-2011,St Marks Lion & Morgan 1,,,st_marks_lion_and_girl-1.tif,2009,Oil on Masonite,4,6,,"Oil, Pets and Animals, Portraits",Scan from Printer,2010-2011,st_marks_lion_and_girl-1
Oil,2010-2011,Morning Glory,,,morning_glory.tif,2005,Oil on Masonite,8,10,,Oil,Scan from Printer,2010-2011,morning_glory
Oil,2010-2011,Napa Valley Vineyard Worker,,,grape_man.jpg,1989,Oil on Masonite,15,20,,"Oil, Fantasy and Allegory, Landscapes, The Figure",Photo,2010-2011,grape_man
Oil,Past,Grapevine on Wood,,,grapevine_on_wood.tif,1998,Oil on Masonite,16,20,,Oil,,past,grapevine_on_wood
Oil,Past,The Bath,,,bath.jpg,1997,Oil on Masonite,10,15,,"Oil, Architecture, The Figure, Fantasy and Allegory",,past,bath
Oil,Past,Rain,,,rain.jpg,1990,Oil on Masonite,15,20,,"Oil, Landscape",Photo,past,rain
Oil,Past,Sandstone Formations (Left),,,sandstone_left.jpg,1990,Oil on Masonite,10,15,,"Oil, Landscape","Photo ('tryptch-left.jpg', etc.)",past,sandstone_left
Oil,Past,Sandstone Formations (Middle),,,sandstone_middle.jpg,1990,Oil on Masonite,20,15,,"Oil, Landscape",Photo,past,sandstone_middle
Oil,Past,Sandstone Formations (Right),,,sandstone_right.jpg,1990,Oil on Masonite,10,15,,"Oil, Landscape",Photo,past,sandstone_right
Oil,Past,The Force and Rhythm of Time,,,the_force_and_rhythm_of_time.tif,1989,Oil on Masonite,15,20,,"Oil,, The Figure, Fantasy and Allegory, Landscape",Photo ('pool_women-light.jpg'),past,the_force_and_rhythm_of_time
Oil,Past,Imps in the Garden,,,imps_in_the_garden.tif,1988,Oil on Masonite,15,20,,"Oil, The Figure, Fantasy and Allegory, Landscape",,past,imps_in_the_garden
Oil,Past,Exhaustion,,,exhaustion.jpg,1982,Oil on Canvas Board,8,10,,"Oil, Fantasy and Allegory",Photo,past,exhaustion
Other,Jamuna,Jamuna 1,,,jamuna.jpg,2004,Ceramic Sculpture,,,,Sculpture,Photo,jamuna,jamuna
Other,Shirts,Afire to Know the World (kid's shirt),,,Afire_to_Know_the_World-kids.jpg,2008,Ink on Cotton,,,,Shirts,,shirts,afire_to_know_the_world-kids
Other,Shirts,Afire to Know the World (nightshirt),,,Afire_to_Know_the_World-nightshirt.jpg,2008,Ink on Cotton,,,,Shirts,,shirts,afire_to_know_the_world-nightshirt
Other,Shirts,Afire to Know the World (shirt),,,Afire_to_Know_the_World-shirt.jpg,2008,Ink on Cotton,,,,Shirts,,shirts,afire_to_know_the_world-shirt
Other,Shirts,Thor shirt for Dantz (back),,,Thor_shirt_for_Dantz-back.jpg,2001,Ink on Cotton,,,,Shirts,,shirts,thor_shirt_for_dantz-back
Other,Shirts,Thor shirt for Dantz (front closeup),,,Thor_shirt_for_Dantz-front_closeup.jpg,2001,Ink on Cotton,,,,Shirts,,shirts,thor_shirt_for_dantz-front_closeup
Other,Shirts,Thor shirt for Dantz (front),,,Thor_shirt_for_Dantz-front.jpg,2001,Ink on Cotton,,,,Shirts,,shirts,thor_shirt_for_dantz-front
Other,Signs,Two Dragons and a Phoenix,TRUE,,two_dragons_and_a_phoenix.jpg,2012,Oil on Redwood,,,,Oil,,signs,two_dragons_and_a_phoenix
Other,Signs,Two Dragons and a Phoenix underpaint,,two_dragons_and_a_phoenix,two_dragons_and_a_phoenix_underpaint.jpg,2012,Oil on Redwood,,,,Oil,,signs,two_dragons_and_a_phoenix_underpaint